{
  "problem_id": "bd_asymmetric_crown-necked_six_lines2_0000",
  "generated_labels": [
    "concave_polygon"
  ],
  "num_objects": 1,
  "confidence_tier": "Tier 1: Gold Labels",
  "flagging_reasons": [],
  "validation_issues": [
    {
      "severity": "WARNING",
      "rule_name": "SymmetryMismatch",
      "message": "Problem ID 'bd_asymmetric_crown-necked_six_lines2_0000' suggests symmetry, but no strongly symmetric object was found.",
      "expected_keywords": [
        "symmetric",
        "symmetry"
      ]
    }
  ],
  "action_program": [
    "line_zigzag_0.600-0.500",
    "line_square_0.583-0.914",
    "line_circle_0.539-0.147",
    "line_square_0.539-0.879",
    "line_zigzag_0.583-0.147",
    "line_normal_0.922-0.949",
    "line_circle_0.854-0.772",
    "arc_circle_0.500_0.562-0.500",
    "line_normal_0.300-0.500",
    "arc_zigzag_0.500_0.625-0.500"
  ],
  "object_properties": [
    {
      "is_closed_geometric": true,
      "area_geometric": 679.8066933990311,
      "perimeter_geometric": 443.23065167246574,
      "centroid_geometric": [
        64.2330113601779,
        49.82939189269184
      ],
      "num_points_in_stroke": 10,
      "ellipse_fit": {
        "center": [
          59.904310151622255,
          58.73869501601136
        ],
        "axes": [
          42.355806595546646,
          19.616655625984322
        ],
        "angle": 1.1311032418937983
      },
      "hough_line_detection": {
        "start": [
          57.0,
          13.7
        ],
        "end": [
          85.0,
          82.7
        ],
        "length": 74.46475676452586,
        "orientation": 67.91282839677164
      },
      "convexity_defects_analysis": {
        "num_convexity_defects": 1
      },
      "num_detected_vertices": 4,
      "detected_vertices_coords": [
        [
          60.0,
          50.0
        ],
        [
          85.39999999999999,
          77.2
        ],
        [
          56.2,
          50.0
        ],
        [
          60.0,
          50.0
        ]
      ],
      "fourier_descriptors": [
        74.86086249408511,
        133.72413812307389,
        48.7099774695977,
        132.34899648006814,
        171.31844617553588,
        132.72514658355,
        46.896131570521895,
        92.72137552007699,
        55.064346044180574
      ],
      "geometric_symmetry_score": Infinity,
      "geometric_symmetry_type": "none",
      "geometric_orientation_deg": 70.7091364640596,
      "image_features": {
        "robust_mask_area": 753,
        "robust_skeleton_area": 126,
        "robust_fill_ratio": 0.16733067706861796,
        "image_area_pixels": 753,
        "image_density": 0.045959472653444855,
        "n_contours": 3,
        "contour_lengths": [
          58.87005698680878,
          22.142135620117188,
          218.3847759962082
        ],
        "contour_areas": [
          58.5,
          24.0,
          526.5
        ],
        "simplified_contours": [
          [
            [
              58.0,
              65.0
            ],
            [
              58.0,
              67.0
            ],
            [
              64.0,
              73.0
            ],
            [
              67.0,
              81.0
            ],
            [
              69.0,
              82.0
            ],
            [
              69.0,
              86.0
            ],
            [
              71.0,
              86.0
            ],
            [
              71.0,
              84.0
            ],
            [
              69.0,
              83.0
            ],
            [
              69.0,
              79.0
            ],
            [
              67.0,
              76.0
            ],
            [
              66.0,
              71.0
            ],
            [
              64.0,
              69.0
            ],
            [
              62.0,
              64.0
            ]
          ],
          [
            [
              47.0,
              55.0
            ],
            [
              47.0,
              57.0
            ],
            [
              52.0,
              62.0
            ],
            [
              54.0,
              62.0
            ],
            [
              54.0,
              60.0
            ],
            [
              49.0,
              55.0
            ]
          ],
          [
            [
              33.0,
              10.0
            ],
            [
              33.0,
              43.0
            ],
            [
              10.0,
              46.0
            ],
            [
              33.0,
              47.0
            ],
            [
              33.0,
              83.0
            ],
            [
              39.0,
              86.0
            ],
            [
              40.0,
              56.0
            ],
            [
              43.0,
              50.0
            ],
            [
              42.0,
              44.0
            ],
            [
              37.0,
              43.0
            ],
            [
              41.0,
              14.0
            ],
            [
              39.0,
              10.0
            ]
          ]
        ],
        "simplified_n_vertices": [
          14,
          6,
          12
        ],
        "n_holes": 0,
        "skeleton_sum_pixels": 158,
        "max_medial_axis_distance": 5.0,
        "morph_closed_area": 753,
        "morph_opened_area": 751,
        "bbox_area": 2618,
        "eccentricity": 0.9593784324042404,
        "major_axis_length": 81.38894266385346,
        "minor_axis_length": 22.96164021089098,
        "orientation_rad": 0.019438340006440027,
        "perimeter": 218.38477631085024,
        "solidity": 0.4,
        "extent": 0.24216959511077157,
        "form_factor": 0.16705304697891218,
        "hu_moments": [
          2.5470128862174057,
          5.372627960258866,
          5.996579395328265,
          5.999684185877333,
          -5.999999999999247,
          -5.99999946792523,
          5.999999999999917
        ],
        "canny_edge_pixels": 290,
        "canny_edge_density": 0.017700195311419666,
        "otsu_threshold_value": 0.0
      },
      "betti_numbers": [
        1,
        0
      ],
      "semantic_connected_segments": 9,
      "is_quadrilateral_like_semantic": false,
      "is_smooth_curve_semantic": false,
      "is_composite_shape_semantic": false,
      "is_convex_physics": false,
      "physics_symmetry_score": 10.892507694105557,
      "physics_symmetry_type": "none",
      "num_arcs_physics": 3,
      "num_straight_segments_physics": 5,
      "num_convexity_defects": 1,
      "is_occluded_physics": false,
      "is_touching_ground_physics": false,
      "is_floating_physics": false,
      "is_stable_physics": false,
      "num_contact_points_physics": 0,
      "detector_consensus": {
        "agreement": true,
        "disagreement_reason": null
      },
      "robust_symmetry_score": null,
      "robust_symmetry_axis_deg": null,
      "boundary_autocorr_symmetry": null
    }
  ]
}